<?xml version="1.0" encoding="UTF-8"?>
<!-- edited with XMLSpy v2005 U (http://www.xmlspy.com) by XMLSPY 2005 Professional Ed., Installed for 5 users (Schweiz Landesbibliothek) -->
<database name="gemdat5" xmlns="http://db.apache.org/torque/4.0/templates/database" xmlns:xsi="http://www.w3.org/2001/XMLSchema-instance" xsi:schemaLocation="http://db.apache.org/torque/4.0/templates/database database-torque-4-0.xsd">
	<table name="gv_gebaeude" description="Umfasst die Basisdaten zu versicherten und fremdversicherten Gebäuden sowie zu abgebrochenen Gebäuden mit einem Schadenfall in der Beobachtungsperiode">
		<option key="file" value="gv_gebaeude.dat"/>
		<column name="id" type="VARCHAR" primaryKey="true" size="16" description="Eindeutiger Schlüssel für das Gebäude"/>
		<column name="grundstueck_id" type="VARCHAR" size="20" description="Grundstücknummer"/>
		<column name="police_nr" type="VARCHAR" size="20" description="Nummer der Gebäude Police"/>
		<column name="suchbegriff" type="VARCHAR" size="100" description="Grundstück-Suchbegriff"/>
		<column name="status_code" type="VARCHAR" size="10" description="Gebäudestatus als Code"/>
		<column name="status_text" type="VARCHAR" size="255" description="Gebäudestatus im Klartext"/>
		<column name="zweck_code" type="VARCHAR" size="10" description="Zweckcode des Gebäudes"/>
		<column name="zweck_text" type="VARCHAR" size="255" description="Zwecktext des Gebäudes im Klartext"/>
		<column name="baujahr" type="INTEGER" description="Baujahr"/>
		<column name="bauart_code" type="VARCHAR" size="10" description="GBA 2: nicht massiv - GBA 1: massiv"/>
		<column name="bauart_text" type="VARCHAR" size="255" description="Bauart massiv oder nicht massiv"/>
		<column name="lage_code" type="VARCHAR" size="10" description="?"/>
		<column name="lage_text" type="VARCHAR" size="255" description="?"/>
		<column name="kanton" type="VARCHAR" size="2" description="Kantonskürzel, z.B. LU für Luzern"/>
		<column name="bezirk" type="VARCHAR" size="100" description="Bezirksname"/>
		<column name="gemeinde_bfs" type="VARCHAR" size="20" description="BfS -Gemeindenummer"/>
		<column name="gemeinde" type="VARCHAR" size="255" description="Gemeindename"/>
		<column name="strasse" type="VARCHAR" size="255" description="Strasse oder Flurbezeichnung"/>
		<column name="strasse_nr" type="VARCHAR" size="20" description="Hausnummer (möglich ist auch 33/35 oder “87, 89)"/>
		<column name="wohnung_nr" type="VARCHAR" size="20" description="Wohnungsnummer"/>
		<column name="plz" type="VARCHAR" size="6" description="4-stellige Plz"/>
		<column name="plz_zusatz" type="VARCHAR" size="20" description="Ziffer 5+6 der 6-stelligen Plz, meist leer"/>
		<column name="ort" type="VARCHAR" size="255" description="Ort"/>
		<column name="ort_zusatz" type="VARCHAR" size="20" description="Ortsergänzung"/>
	</table>
	<table name="gv_person" description="Enthält für alle exportierten Gebäude die Personendaten für die Personen, die entweder als Eigentümer oder Verwalter auftreten">
		<option key="file" value="gv_person.dat"/>
		<column name="id" type="VARCHAR" size="16" description="Personen-ID"/>
		<column name="person_id" type="VARCHAR" size="16" description="Eindeutige Personen-ID"/>
		<column name="gebaeude_id" type="VARCHAR" size="16" description="ID für die Referenz zum Gebäude"/>
		<column name="klasse_code" type="VARCHAR" size="10" description="Personentyp als Code"/>
		<column name="klasse_text" type="VARCHAR" size="255" description="NAT: natürliche Person - JUR: juristische (nicht natürliche) Person"/>
		<column name="name" type="VARCHAR" size="255" description="Personen-Suchbegriff"/>
		<column name="strasse" type="VARCHAR" size="255" description="Strasse oder Flurbezeichnung"/>
		<column name="strasse_nr" type="VARCHAR" size="20" description="Hausnummer (möglich ist auch 33/35‘ oder “87, 89)"/>
		<column name="wohnung_nr" type="VARCHAR" size="20" description="Wohnungsnummer"/>
		<column name="land" type="VARCHAR" size="255" description="Land"/>
		<column name="plz" type="VARCHAR" size="6" description="Postleitzahl"/>
		<column name="plz_zusatz" type="VARCHAR" size="20" description="Postleitzahl Zusatzziffern"/>
		<column name="ort" type="VARCHAR" size="255" description="Ort"/>
		<column name="ort_zusatz" type="VARCHAR" size="20" description="Ortsergänzung. Verwendet meist für Postfach."/>
		<column name="gueltig_ab" type="VARCHAR" size="10" description="Handänderungs- oder technisches Gültig-ab-Datum"/>
		<column name="gueltig_bis" type="VARCHAR" size="10" description="Gültig-bis-Datum. Wenn Beziehung noch gültig ist, wird kein Datum (leer) geliefert"/>
		<column name="rolle_code" type="VARCHAR" size="255" description="Rolle als Code"/>
		<column name="rolle_text" type="VARCHAR" size="255" description="Rolle im Klartext"/>
		<foreign-key foreignTable="gv_gebaeude" name="fk_person_gebaeude">
			<reference local="gebaeude_id" foreign="id"/>
		</foreign-key>
	</table>
	<table name="gv_anlage" description="Enthält Angaben zu Brandschutzanlagen, die in den exportierten Gebäuden installiert sind">
		<option key="file" value="gv_anlage.dat"/>
		<column name="id" type="VARCHAR" size="16" description="Eindeutige Anlage-ID"/>
		<column name="gebaeude_id" type="VARCHAR" size="16" description="ID für die Referenz zum Gebäude"/>
		<column name="typ_code" type="VARCHAR" size="10" description="Anlagetyp codiert"/>
		<column name="typ_text" type="VARCHAR" size="255" description="Anlagetyp im Klartext"/>
		<foreign-key foreignTable="gv_gebaeude" name="fk_anlage_gebaeude">
			<reference local="gebaeude_id" foreign="id"/>
		</foreign-key>
	</table>
	<table name="gv_schaden" description="Enthält alle Schadensmeldungen für die exportierten Gebäude (ein Datensatz pro Schadensfall)">
		<option key="file" value="gv_schaden.dat"/>
		<column name="id" type="VARCHAR" size="16" description="Eindeutige Schaden-ID"/>
		<column name="gebaeude_id" type="VARCHAR" size="16" description="ID für die Referenz zum Gebäude"/>
		<column name="nummer" type="VARCHAR" size="20" description="Nummer der Bauzeitversicherung"/>
		<column name="datum" type="VARCHAR" size="10" description="Schadendatum"/>
		<column name="datum_erledigung" type="VARCHAR" size="10" description="Erledigungsdatum Versicherungsfall"/>
		<column name="art_code" type="VARCHAR" size="10" description="Schadenart codiert"/>
		<column name="art_text" type="VARCHAR" size="255" description="Schadenart im Klartext"/>
		<column name="ursache_code" type="VARCHAR" size="10" description="Schadenursache codiert"/>
		<column name="ursache_text" type="VARCHAR" size="255" description="Schadenursache im Klartext"/>
		<column name="ursache_zusatz" type="VARCHAR" size="255" description="Zusatztext zur Schadenursache"/>
		<column name="schadensumme" type="DOUBLE" description="Schadensumme"/>
		<column name="status_code" type="VARCHAR" size="10" description="Schadenstatus codiert"/>
		<column name="status_text" type="VARCHAR" size="255" description="Schadenstatus  im Klartext"/>
		<column name="versicherungswert" type="DOUBLE" description="Versicherungswert zum Zeitpunkt des Schadens"/>
		<column name="vkf_code" type="VARCHAR" size="255" description="VKF-Code"/>
		<column name="vkf_text" type="VARCHAR" size="255" description="VKF-Bezeichnung im Klartext"/>
		<foreign-key foreignTable="gv_gebaeude" name="fk_schaden_gebaeude">
			<reference local="gebaeude_id" foreign="id"/>
		</foreign-key>
	</table>
	<table name="gv_schaetzung" description="Enthält für alle exportierten Gebäude die aktuelle Schätzung (ein Datensatz pro Gebäude)">
		<option key="file" value="gv_schaetzung.dat"/>
		<column name="id" type="VARCHAR" primaryKey="true" size="16" description="Eindeutige ID für die Schätzung"/>
		<column name="gebaeude_id" type="VARCHAR" size="16" description="ID für die Referenz zum Gebäude"/>
		<column name="datum_ausfuehrung" type="VARCHAR" size="10" description="Schätzungsdatum"/>
		<column name="grund_code" type="VARCHAR" size="10" description="Schätzungsgrund codiert"/>
		<column name="grund_text" type="VARCHAR" size="255" description="Schätzungsgrund im Klartext"/>
		<column name="wertvermehrung" type="DOUBLE" description="Wertvermehrende Investitionen"/>
		<column name="wertvermehrung_kommentar" type="VARCHAR" size="255" description="Kommentar wertvermehrende Investitionen"/>
		<column name="kommentar_zusatz" type="VARCHAR" size="255" description="Zusatzkommentar"/>
		<column name="datum_erledigung" type="VARCHAR" size="10" description="Erledigungsdatum"/>
		<column name="status_code" type="VARCHAR" size="10" description="Dispostatus codiert"/>
		<column name="status_text" type="VARCHAR" size="255" description="Dispostatus im Klartext"/>
		<column name="ereignis_code" type="VARCHAR" size="10" description="Ereignis codiert"/>
		<column name="ereignis_text" type="VARCHAR" size="255" description="Ereignis im Klartext. -SBE SCHAETZ: Werte stammen von Schätzung -SBE NACHTRAG: Werte stammen aus einem Nachtrag"/>
		<column name="versicherungsart_code" type="VARCHAR" size="10" description="Versicherungsart codiert"/>
		<column name="versicherungsart_text" type="VARCHAR" size="255" description="Versicherungsart mit grösstem Anteil im Klartext -VSA ABBRUCHW: Abbruchwert -VSA DOPPZEITW: Doppelter Zeitwert -VSA FESTSUMME: Feste Summe -VSA NEUWERT: Neuwert -VSA ZEITWERT: Zeitwert"/>
		<column name="versicherungswert_aktuell" type="DOUBLE" description="Versicherungswert aktuell (aufgewertet bzw. aufindexiert)"/>
		<column name="versicherungswert_schaetzung" type="DOUBLE" description="Versicherungswert zum Zeitpunkt der Schätzung"/>
		<column name="basiswert" type="DOUBLE" description="Basiswert"/>
		<column name="volumen" type="DOUBLE" description="Gebäudevolumen m3"/>
		<foreign-key foreignTable="gv_gebaeude" name="fk_schaetzung_gebaeude">
			<reference local="gebaeude_id" foreign="id"/>
		</foreign-key>
	</table>
	<table name="gv_position" description="Enthält die einzelnen Schätzungspositionen, aus denen sich jede Schätzung in gv_schaetzung zusammensetzt">
		<option key="file" value="gv_position.dat"/>
		<column name="id" type="VARCHAR" size="16" description="Eindeutige ID der Schätzposition"/>
		<column name="schaetzung_id" type="VARCHAR" size="16" description="ID für die Referenz zur Schätzung"/>
		<column name="art_code" type="VARCHAR" size="10" description="Positionsart codiert"/>
		<column name="art_text" type="VARCHAR" size="255" description="Positionsart "/>
		<column name="text" type="VARCHAR" size="1000" description="Text"/>
		<column name="volumen" type="DECIMAL" description="Volumen m3"/>
		<column name="versicherungswert" type="DOUBLE" description="Versicherungswert"/>
		<column name="laenge" type="DECIMAL" description="Ausmasse: Länge"/>
		<column name="breite" type="DECIMAL" description="Ausmasse: Breite"/>
		<column name="hoehe" type="DECIMAL" description="Ausmasse: Höhe"/>
		<column name="abnutzung" type="DECIMAL" description="Abnützung in Prozent"/>
		<column name="erfasster_wert" type="DOUBLE" description="Dieser interne Wert enthält den durch den Benutzer erfassten Wert pro Schätzposition"/>
		<column name="bauart_code" type="VARCHAR" size="10" description="Bauart Code"/>
		<column name="bauart_text" type="VARCHAR" size="255" description="Bauart"/>
		<foreign-key foreignTable="gv_schaetzung" name="fk_position_schaetzung">
			<reference local="schaetzung_id" foreign="id"/>
		</foreign-key>
	</table>
</database>
